model,MAE,RMSE,MAPE,R2
XGBoost,205.3990698915847,497.07774039984963,4.778074971890902,0.9770030485015033
RandomForest,199.75701395924835,511.5239221211311,4.305148678341496,0.9756161570145261
GradientBoosting,207.6237967527827,512.4721892475849,4.6756979772011675,0.9755098520398178
Ridge,282.51576430315606,612.3343291666032,6.524802221955133,0.9650884568092335
LinearRegression,284.2108358605558,613.2238939502421,6.6201226206322215,0.9649833338151786
