model,MAE,RMSE,MAPE,R2
RandomForest,195.77523434873925,509.4282291944219,4.081025609629846,0.9758381802841585
GradientBoosting,209.29364457666006,517.4075475014739,4.59878671617279,0.9751368279385598
Ridge,278.4512638734574,572.2576159126623,6.670716851835079,0.9692178443604226
LinearRegression,282.71568739827086,588.5900468349121,6.848187284724313,0.9669231819227166
